{"left": [-0.0704554266899371, 0.0832829315519857, -0.24217471055496564], "right": [-0.037081441751430244, 0.06724174644234551, 0.16068324498781764], "reference": [2.8317982808812854, -0.03210090009567388, 0.04306489161983818]}