{"3": [0.04375796121671666, -0.011199419961337257, 0.27056603507315263], "4": [-0.03197736175230939, -0.014122538092748063, 0.2677689521262407], "1": [-0.06964758667730887, -0.05408613165481083, 0.30798302215195944], "2": [-0.07093069212931224, -0.07807446666095784, 0.31846964059564303]}